name,birthArea,birthDate,foot,role,height,passportArea,weight,fouls,goals,own_goals,percent_pass_accuracy,percent_shots_on_target
Andr\u00e9 Ramalho Silva,Brazil,1992-02-16,right,DF,182,Brazil,78,0,0,0,0,0
Tom\u00e1\u0161 Hubo\u010dan,Slovakia,1985-09-17,right,DF,184,Slovakia,70,0,0,0,0,0
Marc Muniesa Mart\u00ednez,Spain,1992-03-27,left,DF,179,Spain,72,0,0,0,0,0
Leonardo Capezzi,Italy,1995-03-28,right,MD,178,Italy,72,0,0,0,0,0
Lionel Andr\u00e9s Messi Cuccittini,Argentina,1987-06-24,left,FW,170,Spain,72,0,0,0,0,0
Alexis Ruano Delgado,Spain,1985-08-04,right,DF,183,Spain,75,0,0,0,0,0
Mehdi Carcela-Gonz\u00e1lez,Belgium,1989-07-01,left,MD,176,Morocco,67,0,0,0,0,0
Mehdi Lacen,France,1984-03-15,left,MD,176,Algeria,70,0,0,0,0,0
Jos\u00e9 Vicente G\u00f3mez Umpi\u00e9rrez,Spain,1988-08-31,left,MD,186,Spain,78,0,0,0,0,0
Luis Hern\u00e1ndez Rodr\u00edguez,Spain,1989-04-14,right,DF,183,Spain,75,0,0,0,0,0
J\u00e1n \u010eurica,Slovakia,1981-12-10,left,DF,188,Slovakia,86,0,0,0,0,0
Gareth Frank Bale,Wales,1989-07-16,left,FW,185,Wales,81,0,0,0,0,0
John Stones,England,1994-05-28,right,DF,188,England,75,0,0,0,0,0
Bertrand Isidore Traor\u00e9,Burkina Faso,1995-09-06,left,FW,181,Burkina Faso,73,0,0,0,0,0
Amr Medhat Warda,Egypt,1993-09-17,right,MD,176,Egypt,70,0,0,0,0,0
Ronaldo  Aparecido Rodrigues,Brazil,1982-09-10,right,DF,198,Germany,91,0,0,0,0,0
\u00c1d\u00e1m Szalai,Hungary,1987-12-09,right,FW,193,Hungary,90,0,0,0,0,0
Sebastian Maier,Germany,1993-09-18,right,MD,179,Germany,68,0,0,0,0,0
Benjamin H\u00fcbner,Germany,1989-07-04,left,DF,193,Germany,86,0,0,0,0,0
Jan Mor\u00e1vek,Czech Republic,1989-11-01,right,MD,180,Czech Republic,77,0,0,0,0,0
Christian Guillermo Mart\u00edn Ramos Garagay,Peru,1988-11-04,right,DF,185,Peru,74,0,0,0,0,0
Caiuby Francisco da Silva,Brazil,1988-07-14,left,MD,184,Brazil,85,0,0,0,0,0
Samuel Bastien,Belgium,1996-09-26,right,MD,177,Belgium,73,0,0,0,0,0
Stefano Sensi,Italy,1995-08-05,right,MD,168,Italy,62,0,0,0,0,0
M\u00e1rio Figueira Fernandes,Brazil,1990-09-19,right,DF,187,Russia,80,0,0,0,0,0
Hans Carl Ludwig Augustinsson,Sweden,1994-04-21,left,DF,181,Sweden,75,0,0,0,0,0
Wilfride Kanga Aka,France,1998-02-21,right,FW,185,C\u00f4te d'Ivoire,76,0,0,0,0,0
Marek Such\u00fd,Czech Republic,1988-03-29,right,DF,183,Czech Republic,84,0,0,0,0,0
Ezequiel Mu\u00f1oz,Argentina,1990-10-08,right,DF,185,Spain,78,0,0,0,0,0
Lisandro Ezequiel L\u00f3pez,Argentina,1989-09-01,right,DF,188,Spain,82,0,0,0,0,0
Orel Mangala,Belgium,1998-03-18,right,MD,180,Belgium,78,0,0,0,0,0
Sofyan Amrabat,Netherlands,1996-08-21,right,MD,182,Morocco,70,0,0,0,0,0
Yussuf Yurary Poulsen,Denmark,1994-06-15,right,FW,193,Tanzania,78,0,0,0,0,0
Arnaud Lusamba,France,1997-01-04,right,MD,180,Congo DR,61,0,0,0,0,0
Abdoul Razzagui Camara,Guinea,1990-02-20,left,MD,178,France,70,0,0,0,0,0
K\u00e9vin Monnet-Paquet,France,1988-08-19,right,FW,184,Rwanda,81,0,0,0,0,0
Na\u00efm Sliti,France,1992-07-27,right,MD,173,Tunisia,75,0,0,0,0,0
Darko Lazovi\u0107,Serbia,1990-09-15,right,MD,181,Serbia,74,0,0,0,0,0
Manuel Lazzari,Italy,1993-11-29,right,MD,174,Italy,67,0,0,0,0,0
Jonathan Tah,Germany,1996-02-11,right,DF,194,C\u00f4te d'Ivoire,95,0,0,0,0,0
Sel\u00e7uk \u0130nan,Turkey,1985-02-10,right,MD,182,Turkey,74,0,0,0,0,0
Chris Gunter,Wales,1989-07-21,right,DF,180,Wales,71,0,0,0,0,0
Aleksandar Mitrovi\u0107,Serbia,1994-09-16,right,FW,189,Serbia,82,0,0,0,0,0
Jackson Irvine,Australia,1993-03-07,right,MD,189,Scotland,80,0,0,0,0,0
Patrick Alberto Pemberton Bernard,Costa Rica,1982-04-24,right,GK,178,Costa Rica,75,0,0,0,0,0
Vitja Valen\u010di\u010d,Slovenia,1999-03-12,right,MD,177,Slovenia,76,0,0,0,0,0
Orji Okwonkwo,Nigeria,1998-01-19,right,FW,178,Nigeria,72,0,0,0,0,0
Matteo Darmian,Italy,1989-12-02,right,DF,182,Italy,70,0,0,0,0,0
Ragnar Klavan,Estonia,1985-10-30,left,DF,187,Estonia,78,0,0,0,0,0
Gareth Barry,England,1981-02-23,left,MD,185,England,79,0,0,0,0,0
Paul Dummett,England,1991-09-26,left,DF,183,Wales,77,0,0,0,0,0
Konstantinos Mavropanos,Greece,1997-12-11,right,DF,192,Greece,80,0,0,0,0,0
Harvey Barnes,England,1997-12-09,right,MD,174,England,66,0,0,0,0,0
C\u00e9dric Bakambu,France,1991-04-11,right,FW,182,Congo DR,74,0,0,0,0,0
Leonardo Gabriel Su\u00e1rez,Argentina,1996-03-03,left,MD,167,Argentina,60,0,0,0,0,0
Konstantinos Mitroglou,Greece,1988-03-12,left,FW,188,Germany,86,0,0,0,0,0
Hamari Traor\u00e9,Mali,1992-01-27,right,DF,175,Mali,73,0,0,0,0,0
Maxime Bernauer,France,1998-07-01,right,DF,184,France,69,0,0,0,0,0
Kwame Yeboah,Australia,1994-06-02,right,FW,183,Ghana,80,0,0,0,0,0
Toby Alderweireld,Belgium,1989-03-02,right,DF,187,Belgium,91,0,0,0,0,0
Jan Vertonghen,Belgium,1987-04-24,left,DF,189,Belgium,88,0,0,0,0,0
Christian  Dannemann Eriksen,Denmark,1992-02-14,right,MD,180,Denmark,76,0,0,0,0,0
Johann  Berg Gu\u00f0munds\u00adson,Iceland,1990-10-27,left,MD,186,Iceland,77,0,0,0,0,0
Nordin Amrabat,Netherlands,1987-03-31,right,FW,178,Morocco,77,0,0,0,0,0
Nacer Chadli,Belgium,1989-08-02,right,MD,187,Morocco,80,0,0,0,0,0
Du\u0161an Tadi\u0107,Serbia,1988-11-20,left,MD,181,Serbia,76,0,0,0,0,0
Alex Iwobi,Nigeria,1996-05-03,right,MD,180,England,75,0,0,0,0,0
Maya Yoshida,Japan,1988-08-24,right,DF,189,Japan,78,0,0,0,0,0
Ali Gabr,Egypt,1989-01-10,right,DF,193,Egypt,84,0,0,0,0,0
Onyinye Wilfred Ndidi,Nigeria,1996-12-16,right,MD,187,Nigeria,80,0,0,0,0,0
Ahmed Musa,Nigeria,1992-10-14,right,FW,171,Nigeria,66,0,0,0,0,0
Mesut \u00d6zil,Germany,1988-10-15,left,MD,180,Germany,76,0,0,0,0,0
Bernardo Mota Veiga de Carvalho e Silva,Portugal,1994-08-10,left,MD,173,France,64,0,0,0,0,0
Wilfredo Daniel Caballero,Argentina,1981-09-28,right,GK,186,Spain,80,0,0,0,0,0
Divock Okoth Origi,Belgium,1995-04-18,right,FW,185,Kenya,75,0,0,0,0,0
Philippe Coutinho Correia,Brazil,1992-06-12,right,FW,171,Brazil,68,0,0,0,0,0
Marcus Rashford,England,1997-10-31,right,FW,187,England,72,0,0,0,0,0
Andreas Christensen,Denmark,1996-04-10,right,DF,188,Denmark,78,0,0,0,0,0
Roque Mesa Quevedo,Spain,1989-06-07,right,MD,171,Spain,73,0,0,0,0,0
Danilo Luiz da Silva,Brazil,1991-07-15,right,DF,184,Brazil,78,0,0,0,0,0
Nicol\u00e1s Hern\u00e1n Otamendi,Argentina,1988-02-12,right,DF,183,Argentina,81,0,0,0,0,0
Nemanja Mati\u0107,Serbia,1988-08-01,left,MD,194,Slovakia,84,0,0,0,0,0
Andr\u00e9 Mart\u00edn Carrillo D\u00edaz,Peru,1991-06-14,right,MD,181,Peru,78,0,0,0,0,0
C\u00e9dric Ricardo Alves Soares,Germany,1991-08-31,right,DF,172,Portugal,67,0,0,0,0,0
Adrien Sebastian Perruchet Silva,France,1989-03-15,right,MD,175,Portugal,69,0,0,0,0,0
Ramadan Sobhi,Egypt,1997-01-23,right,MD,183,Egypt,72,0,0,0,0,0
Cheikhou Kouyat\u00e9,Senegal,1989-12-21,right,MD,193,Belgium,78,0,0,0,0,0
Kevin De Bruyne,Belgium,1991-06-28,right,MD,181,Belgium,68,0,0,0,0,0
Michy Batshuayi Tunga,Belgium,1993-10-02,right,FW,185,Congo DR,78,0,0,0,0,0
Jo\u00e3o M\u00e1rio Naval da Costa Eduardo ,Portugal,1993-01-19,right,MD,173,Angola,67,0,0,0,0,0
Sandro  Ram\u00edrez Castillo,Spain,1995-07-09,right,FW,175,Spain,72,0,0,0,0,0
Ederson Santana de Moraes,Brazil,1993-08-17,left,GK,187,Portugal,89,0,0,0,0,0
Victor Nilsson Lindel\u00f6f,Sweden,1994-07-17,right,DF,187,Sweden,81,0,0,0,0,0
Ruben Loftus-Cheek,England,1996-01-23,right,MD,191,Jamaica,83,0,0,0,0,0
Willian Borges da Silva,Brazil,1988-08-09,right,MD,175,Brazil,75,0,0,0,0,0
Fernando Luiz Rosa,Brazil,1985-05-04,right,MD,179,Brazil,67,0,0,0,0,0
Vincent Janssen,Netherlands,1994-06-15,left,FW,183,Netherlands,88,0,0,0,0,0
\u0141ukasz Fabia\u0144ski,Poland,1985-04-18,right,GK,190,Poland,83,0,0,0,0,0
Francis Coquelin,France,1991-05-13,right,MD,178,Reunion,74,0,0,0,0,0
Gary  Cahill,England,1985-12-19,right,DF,193,England,86,0,0,0,0,0
Marko Gruji\u0107,Serbia,1996-04-13,right,MD,191,Serbia,82,0,0,0,0,0
Romelu Lukaku Menama,Belgium,1993-05-13,left,FW,190,Congo DR,94,0,0,0,0,0
David de Gea Quintana,Spain,1990-11-07,right,GK,193,Spain,82,0,0,0,0,0
Phil Jones,England,1992-02-21,right,DF,185,England,71,0,0,0,0,0
Jesse Lingard,England,1992-12-15,right,MD,174,England,65,0,0,0,0,0
Paul Pogba,France,1993-03-15,right,MD,191,Guinea,84,0,0,0,0,0
Ashley  Young,England,1985-07-09,right,DF,175,Jamaica,65,0,0,0,0,0
Javier Hern\u00e1ndez Balc\u00e1zar,Mexico,1988-06-01,right,FW,175,Mexico,73,0,0,0,0,0
Daniel Nii Tackie Mensah Welbeck,England,1990-11-26,right,FW,185,Ghana,73,0,0,0,0,0
Jordan Brian Henderson,England,1990-06-17,right,MD,182,England,67,0,0,0,0,0
Jack Butland,England,1993-03-10,right,GK,196,England,95,0,0,0,0,0
Jos\u00e9 Miguel da Rocha Fonte,Portugal,1983-12-22,right,DF,191,Portugal,75,0,0,0,0,0
Martin Olsson,Sweden,1988-05-17,left,DF,178,Sweden,81,0,0,0,0,0
Marouane Fellaini-Bakkioui,Belgium,1987-11-22,right,MD,194,Morocco,85,0,0,0,0,0
Kyle Walker,England,1990-05-28,right,DF,183,England,83,0,0,0,0,0
Danny Rose,England,1990-07-02,left,DF,174,Jamaica,76,0,0,0,0,0
Vincent Kompany,Belgium,1986-04-10,right,DF,193,Congo DR,85,0,0,0,0,0
David Josu\u00e9 Jim\u00e9nez Silva,Spain,1986-01-08,left,MD,173,Spain,67,0,0,0,0,0
Sergio Leonel Ag\u00fcero del Castillo,Argentina,1988-06-02,right,FW,173,Spain,70,0,0,0,0,0
Fabian Delph,England,1989-11-21,left,MD,174,Guyana,60,0,0,0,0,0
Kasper Schmeichel,Denmark,1986-11-05,right,GK,185,Denmark,76,0,0,0,0,0
Simon Mignolet,Belgium,1988-03-06,right,GK,193,Belgium,87,0,0,0,0,0
Victor Moses,Nigeria,1990-12-12,right,MD,177,England,75,0,0,0,0,0
Harry  Maguire,England,1993-03-05,right,DF,188,England,79,0,0,0,0,0
Harry Kane,England,1993-07-28,right,FW,188,Ireland Republic,86,0,0,0,0,0
Kieran Trippier,England,1990-09-19,right,DF,178,England,72,0,0,0,0,0
Kelechi Promise Iheanacho,Nigeria,1996-03-10,left,FW,187,Nigeria,77,0,0,0,0,0
Rolando Aarons,Jamaica,1995-11-16,left,MD,175,England,67,0,0,0,0,0
Jordan Pickford,England,1994-03-07,left,GK,185,England,77,0,0,0,0,0
Papa Alioune N'Diaye,Senegal,1990-10-27,right,MD,180,Senegal,76,0,0,0,0,0
Jan Bednarek,Poland,1996-04-12,right,DF,189,Poland,77,0,0,0,0,0
Raheem Shaquille Sterling,Jamaica,1994-12-08,right,FW,170,England,69,0,0,0,0,0
Moussa Sidi Yaya Demb\u00e9l\u00e9,Belgium,1987-07-16,left,MD,185,Mali,88,0,0,0,0,0
Luka Milivojevi\u0107,Serbia,1991-04-07,right,MD,186,Serbia,80,0,0,0,0,0
Gylfi \u00de\u00f3r Sigur\u00f0sson,Iceland,1989-09-08,right,MD,186,Iceland,77,0,0,0,0,0
Nick Pope,England,1992-04-19,right,GK,192,England,76,0,0,0,0,0
Gabriel Fernando de Jesus,Brazil,1997-04-03,right,FW,175,Brazil,67,0,0,0,0,0
Reece Oxford,England,1998-12-16,right,DF,191,Jamaica,78,0,0,0,0,0
Jamie Vardy,England,1987-01-11,right,FW,178,England,76,0,0,0,0,0
Eric  Dier,England,1994-01-15,right,MD,188,Portugal,90,0,0,0,0,0
Ademola Lookman,England,1998-07-18,right,MD,174,Nigeria,78,0,0,0,0,0
Bamidele Alli,England,1996-04-11,right,MD,188,Nigeria,80,0,0,0,0,0
Antonio R\u00fcdiger,Germany,1993-03-03,right,DF,191,Sierra Leone,85,0,0,0,0,0
Shinji Okazaki,Japan,1986-04-16,right,FW,174,Japan,70,0,0,0,0,0
\u0130lkay G\u00fcndo\u011fan,Germany,1990-10-24,right,MD,180,Germany,80,0,0,0,0,0
Heung-Min Son,Korea Republic,1992-07-08,right,FW,183,Korea Republic,77,0,0,0,0,0
Mame Biram Diouf,Senegal,1987-12-16,right,FW,185,Senegal,79,0,0,0,0,0
Roberto Firmino Barbosa de Oliveira,Brazil,1991-10-02,right,FW,181,Brazil,76,0,0,0,0,0
Xherdan Shaqiri,Kosovo,1991-10-10,left,MD,169,Switzerland,72,0,0,0,0,0
Granit Xhaka,Switzerland,1992-09-27,left,MD,185,Albania,82,0,0,0,0,0
Kristoffer Nordfeldt,Sweden,1989-06-23,right,GK,190,Sweden,85,0,0,0,0,0
Trent Alexander-Arnold,England,1998-10-07,right,DF,175,England,69,0,0,0,0,0
Bojan Krk\u00edc P\u00e9rez,Spain,1990-08-28,right,FW,170,Serbia,65,0,0,0,0,0
Thibaut Courtois,Belgium,1992-05-11,left,GK,199,Belgium,94,0,0,0,0,0
Yohan Benalouane,France,1987-03-28,right,DF,185,Tunisia,79,0,0,0,0,0
Ignacio Monreal Eraso,Spain,1986-02-26,left,DF,179,Spain,72,0,0,0,0,0
Ahmed Hegazy,Egypt,1991-01-25,right,DF,193,Egypt,83,0,0,0,0,0
Mohamed Naser Elsayed Elneny,Egypt,1992-07-11,right,MD,180,Egypt,70,0,0,0,0,0
Mohamed  Salah Ghaly,Egypt,1992-06-15,left,FW,175,Egypt,72,0,0,0,0,0
Mathias Jattah-Njie J\u00f8rgensen,Denmark,1990-04-23,right,DF,191,Denmark,79,0,0,0,0,0
Jonas L\u00f6ssl,Denmark,1989-02-01,right,GK,195,Denmark,88,0,0,0,0,0
Isaac  Ajayi Success,Nigeria,1996-01-07,right,FW,182,Nigeria,90,0,0,0,0,0
Sadio Man\u00e9,Senegal,1992-04-10,right,FW,175,Senegal,75,0,0,0,0,0
Hugo Lloris,France,1986-12-26,left,GK,188,France,82,0,0,0,0,0
Dejan Lovren,Croatia,1989-07-05,right,DF,188,Croatia,84,0,0,0,0,0
C\u00e9sar Azpilicueta Tanco,Spain,1989-08-28,right,DF,178,Spain,75,0,0,0,0,0
Henri Saivet,Senegal,1990-10-26,right,MD,175,France,73,0,0,0,0,0
Mathieu Debuchy,France,1985-07-28,right,DF,177,France,76,0,0,0,0,0
Benjamin Mendy,France,1994-07-17,left,DF,185,Senegal,85,0,0,0,0,0
Olivier Giroud,France,1986-09-30,left,FW,192,France,88,0,0,0,0,0
Diafra Sakho,Senegal,1989-12-24,right,FW,184,France,79,0,0,0,0,0
Kevin Mirallas,Belgium,1987-10-05,right,MD,182,Spain,70,0,0,0,0,0
Christian Kabasele,Congo DR,1991-02-24,right,DF,187,Belgium,84,0,0,0,0,0
Edimilson Fernandes,Switzerland,1996-04-15,right,MD,190,Portugal,70,0,0,0,0,0
\u00c1lvaro Borja Morata Mart\u00edn,Spain,1992-10-23,right,FW,189,Spain,85,0,0,0,0,0
Pierre-Emile H\u00f8jbjerg,Denmark,1995-08-05,right,MD,185,France,84,0,0,0,0,0
Ben Davies,Wales,1993-04-24,left,DF,182,Wales,76,0,0,0,0,0
Danny Ward,Wales,1993-06-22,right,GK,191,Wales,88,0,0,0,0,0
Martin D\u00fabravka,Slovakia,1989-01-15,right,GK,191,Slovakia,85,0,0,0,0,0
Per Mertesacker,Germany,1984-09-29,right,DF,198,Germany,90,0,0,0,0,0
Aaron Ramsey,Wales,1990-12-26,right,MD,183,Wales,76,0,0,0,0,0
Jonny Evans,Northern Ireland,1988-01-02,right,DF,188,Northern Ireland,77,0,0,0,0,0
Patrice Evra,Senegal,1981-05-15,left,DF,174,France,75,0,0,0,0,0
Michael Carrick,England,1981-07-28,right,MD,188,England,74,0,0,0,0,0
Glen Johnson,England,1984-08-23,right,DF,182,England,70,0,0,0,0,0
Rob Elliot,England,1986-04-30,left,GK,188,Ireland Republic,93,0,0,0,0,0
Lucas Rodrigues Moura da Silva,Brazil,1992-08-13,right,FW,172,Brazil,72,0,0,0,0,0
Ciaran Clark,England,1989-09-26,left,DF,188,Ireland Republic,76,0,0,0,0,0
James Michael Collins,Wales,1983-08-23,right,DF,193,Wales,90,0,0,0,0,0
Ross Barkley,England,1993-12-05,right,MD,189,England,76,0,0,0,0,0
Costel Fane Pantilimon,Romania,1987-02-01,right,GK,203,Romania,96,0,0,0,0,0
Stuart Taylor,England,1980-11-28,right,GK,196,England,86,0,0,0,0,0
Gareth McAuley,Northern Ireland,1979-12-05,right,DF,195,Northern Ireland,89,0,0,0,0,0
Shane  Long,Ireland Republic,1987-01-22,right,FW,178,Ireland Republic,70,0,0,0,0,0
Diego Cavalieri,Brazil,1982-12-01,left,GK,191,Italy,86,0,0,0,0,0
Wayne  Hennessey,Wales,1987-01-24,right,GK,198,Wales,90,0,0,0,0,0
Stephen Ward,Ireland Republic,1985-08-20,left,DF,184,Ireland Republic,82,0,0,0,0,0
Andy King,England,1988-10-29,right,MD,184,Wales,79,0,0,0,0,0
James McClean,Northern Ireland,1989-04-22,left,MD,180,Ireland Republic,70,0,0,0,0,0
Alex McCarthy,England,1989-12-03,right,GK,193,England,79,0,0,0,0,0
Dean Whitehead,England,1982-01-12,right,MD,183,England,77,0,0,0,0,0
Jeff Hendrick,Ireland Republic,1992-01-31,right,MD,185,Ireland Republic,79,0,0,0,0,0
Lewis Dunk,England,1991-11-21,right,DF,192,England,88,0,0,0,0,0
Sam Vokes,England,1989-10-21,right,FW,188,Wales,90,0,0,0,0,0
Harry Arter,England,1989-12-28,right,MD,178,Ireland Republic,70,0,0,0,0,0
Liam Rosenior,England,1984-07-09,right,DF,178,Sierra Leone,77,0,0,0,0,0
Kevin Long,Ireland Republic,1990-08-18,right,DF,187,Ireland Republic,82,0,0,0,0,0
Harry Winks,England,1996-02-02,right,MD,176,England,74,0,0,0,0,0
Steven James Sidwell,England,1982-12-14,right,MD,178,England,80,0,0,0,0,0
Ashley Williams,England,1984-08-23,right,DF,182,Wales,91,0,0,0,0,0
Joe Allen,Wales,1990-03-14,right,MD,168,Wales,62,0,0,0,0,0
Leon Britton,England,1982-09-16,right,MD,167,England,65,0,0,0,0,0
Oleksandr Zinchenko,Ukraine,1996-12-15,left,MD,175,Ukraine,64,0,0,0,0,0
Daniel Bachmann,Austria,1994-07-09,right,GK,191,Austria,81,0,0,0,0,0
Didier  Ndong,Gabon,1994-06-17,right,MD,179,Gabon,75,0,0,0,0,0
Nathaniel Chalobah,Sierra Leone,1994-12-12,right,MD,185,England,80,0,0,0,0,0
Sebastian Pr\u00f6dl,Austria,1987-06-21,right,DF,196,Austria,97,0,0,0,0,0
Marko Arnautovi\u0107,Austria,1989-04-19,right,FW,192,Serbia,83,0,0,0,0,0
Emerson Palmieri dos Santos,Brazil,1994-08-03,left,DF,176,Italy,63,0,0,0,0,0
Marcos  Alonso Mendoza,Spain,1990-12-28,left,DF,188,Spain,81,0,0,0,0,0
Leroy San\u00e9,Germany,1996-01-11,left,MD,184,France,76,0,0,0,0,0
Richarlison de Andrade,Brazil,1997-05-10,right,FW,179,Brazil,71,0,0,0,0,0
Aleksandar Dragovi\u0107,Austria,1991-03-06,right,DF,184,Serbia,76,0,0,0,0,0
Moritz Bauer,Switzerland,1992-01-25,right,DF,181,Austria,73,0,0,0,0,0
Chris Brunt,Northern Ireland,1984-12-14,left,MD,187,Northern Ireland,85,0,0,0,0,0
Shane Duffy,Northern Ireland,1992-01-01,right,DF,193,Ireland Republic,76,0,0,0,0,0
Emre Can,Germany,1994-01-12,right,MD,184,Turkey,82,0,0,0,0,0
Joe Rodon,Wales,1997-10-22,right,DF,190,Wales,76,0,0,0,0,0
George Thomas,England,1997-03-24,right,FW,173,Wales,76,0,0,0,0,0
Roberto Maximiliano Pereyra,Argentina,1991-01-07,right,MD,182,Argentina,77,0,0,0,0,0
Sergio Germ\u00e1n Romero,Argentina,1987-02-22,right,GK,192,Italy,87,0,0,0,0,0
Jos\u00e9 Ramiro Funes Mori,Argentina,1991-03-05,left,DF,186,Argentina,79,0,0,0,0,0
Jes\u00fas G\u00e1mez Duarte,Spain,1985-04-10,right,DF,182,Spain,77,0,0,0,0,0
Ben Chilwell,England,1996-12-21,left,DF,178,England,77,0,0,0,0,0
Ben Woodburn,England,1999-10-15,right,FW,174,Wales,72,0,0,0,0,0
Florent Hadergjonaj,Switzerland,1994-07-31,right,DF,182,Kosovo,73,0,0,0,0,0
Mamadou Sakho,France,1990-02-13,left,DF,187,Senegal,83,0,0,0,0,0
David Ospina Ram\u00edrez,Colombia,1988-08-31,right,GK,183,Colombia,76,0,0,0,0,0
Idrissa Gana Gueye,Senegal,1989-09-26,right,MD,174,Senegal,72,0,0,0,0,0
Eden Hazard,Belgium,1991-01-07,right,FW,173,Belgium,74,0,0,0,0,0
Connor Roberts,Wales,1995-09-23,right,DF,175,Wales,71,0,0,0,0,0
Kurt Happy Zouma,France,1994-10-27,right,DF,190,Central African Republic,85,0,0,0,0,0
Davinson S\u00e1nchez Mina,Colombia,1996-06-12,right,DF,187,Colombia,79,0,0,0,0,0
Joe Gomez,England,1997-05-23,right,DF,188,Gambia,77,0,0,0,0,0
Mathew Ryan,Australia,1992-04-08,right,GK,184,England,82,0,0,0,0,0
Renato J\u00fanior Luz Sanches,Portugal,1997-08-18,right,MD,176,S\u00e3o Tom\u00e9 e Pr\u00edncipe,70,0,0,0,0,0
Sung-Yeung Ki,Korea Republic,1989-01-24,right,MD,186,Korea Republic,75,0,0,0,0,0
Steven Davis,Northern Ireland,1985-01-01,right,MD,173,Northern Ireland,72,0,0,0,0,0
Aaron Mooy,Australia,1990-09-15,right,MD,174,Netherlands,68,0,0,0,0,0
N'Golo Kant\u00e9,France,1991-03-29,right,MD,168,Mali,68,0,0,0,0,0
Cenk Tosun,Germany,1991-06-07,right,FW,183,Turkey,78,0,0,0,0,0
Craig Cathcart,Northern Ireland,1989-02-06,right,DF,188,Northern Ireland,73,0,0,0,0,0
Kevin Wimmer,Austria,1992-11-15,left,DF,187,Austria,85,0,0,0,0,0
Molla Wagu\u00e9,France,1991-02-21,right,DF,191,Mali,87,0,0,0,0,0
Davide Zappacosta,Italy,1992-06-11,right,DF,182,Italy,70,0,0,0,0,0
Wesley Hoedt,Netherlands,1994-03-06,left,DF,192,Netherlands,82,0,0,0,0,0
Joe Hart,England,1987-04-19,right,GK,194,England,83,0,0,0,0,0
Orestis Karnezis,Greece,1985-07-11,right,GK,190,Greece,84,0,0,0,0,0
Manolo Gabbiadini,Italy,1991-11-26,left,FW,186,Italy,81,0,0,0,0,0
Gerard Deulofeu L\u00e1zaro,Spain,1994-03-13,right,FW,177,Spain,73,0,0,0,0,0
Mario Lemina,Gabon,1993-09-01,right,MD,184,France,76,0,0,0,0,0
Fernando Llorente Torres,Spain,1985-02-26,right,FW,195,Spain,90,0,0,0,0,0
Angelo Obinze Ogbonna,Italy,1988-05-23,left,DF,191,Nigeria,86,0,0,0,0,0
Jos\u00e9 Holebas,Germany,1984-06-27,left,DF,185,Greece,81,0,0,0,0,0
Stefano Okaka Chuka,Italy,1989-08-09,right,FW,186,Nigeria,90,0,0,0,0,0
Miguel \u00c1ngel Britos Cabrera,Uruguay,1985-07-17,right,DF,188,Uruguay,85,0,0,0,0,0
Matias Ezequiel Schelotto,Argentina,1989-05-23,right,DF,187,Italy,79,0,0,0,0,0
Pedro  Mba Obiang Avomo,Spain,1992-03-27,right,MD,185,Equatorial Guinea,75,0,0,0,0,0
Kyle Taylor,England,1999-08-28,,MD,0,England,0,0,0,0,0,0
Maarten Stekelenburg,Netherlands,1982-09-22,right,GK,197,Netherlands,92,0,0,0,0,0
Zlatan Ibrahimovi\u0107,Sweden,1981-10-03,right,FW,195,Bosnia-Herzegovina,95,0,0,0,0,0
Aaron  Lennon,England,1987-04-16,right,MD,165,Ireland Republic,63,0,0,0,0,0
Peter Crouch,England,1981-01-30,right,FW,201,Ireland Republic,84,0,0,0,0,0
Wayne Rooney,England,1985-10-24,right,FW,176,England,83,0,0,0,0,0
Theo  Walcott,England,1989-03-16,right,FW,176,England,68,0,0,0,0,0
Petr \u010cech,Czech Republic,1982-05-20,left,GK,196,Czech Republic,90,0,0,0,0,0
Luis Antonio Valencia Mosquera,Ecuador,1985-08-04,right,DF,181,Ecuador,78,0,0,0,0,0
Francesc F\u00e0bregas i Soler,Spain,1987-05-04,right,MD,175,Spain,74,0,0,0,0,0
Artur Boruc,Poland,1980-02-20,right,GK,193,Poland,87,0,0,0,0,0
Charlie Adam,Scotland,1985-12-10,left,MD,185,Scotland,82,0,0,0,0,0
Younes Kaboul,France,1986-01-04,right,DF,191,Morocco,87,0,0,0,0,0
Uwe H\u00fcnemeier,Germany,1986-01-09,right,DF,189,Germany,84,0,0,0,0,0
Yohan Cabaye,France,1986-01-14,right,MD,174,France,71,0,0,0,0,0
Ibrahim Afellay,Netherlands,1986-04-02,right,MD,180,Morocco,76,0,0,0,0,0
Heurelho da Silva Gomes,Brazil,1981-02-15,right,GK,191,Brazil,91,0,0,0,0,0
Michel Vorm,Netherlands,1983-10-20,right,GK,184,Suriname,84,0,0,0,0,0
Erik Pieters,Netherlands,1988-08-07,left,DF,182,Netherlands,86,0,0,0,0,0
Ben Foster,England,1983-04-03,left,GK,193,England,90,0,0,0,0,0
Adrian Mariappa,England,1986-10-03,right,DF,178,Jamaica,81,0,0,0,0,0
Phil Jagielka,England,1982-08-17,right,DF,183,Poland,83,0,0,0,0,0
Leighton Baines,England,1984-12-11,left,DF,170,England,70,0,0,0,0,0
Robert Green,England,1980-01-18,right,GK,191,England,93,0,0,0,0,0
James  Morrison,England,1986-05-25,right,MD,180,Scotland,75,0,0,0,0,0
Stephen  Ireland,Ireland Republic,1986-08-22,right,MD,173,Ireland Republic,66,0,0,0,0,0
James Milner,England,1986-01-04,right,MD,176,England,70,0,0,0,0,0
Tom Heaton,England,1986-04-15,right,GK,188,England,86,0,0,0,0,0
Darren  Fletcher,Scotland,1984-02-01,right,MD,184,Scotland,74,0,0,0,0,0
Wayne Routledge,England,1985-01-07,right,MD,170,Jamaica,77,0,0,0,0,0
Jermain  Defoe,England,1982-10-07,right,FW,171,St. Lucia,65,0,0,0,0,0
Pablo Javier Zabaleta Girod,Argentina,1985-01-16,right,DF,174,Spain,74,0,0,0,0,0
Claudio Andr\u00e9s Bravo Mu\u00f1oz,Chile,1983-04-13,right,GK,184,Spain,80,0,0,0,0,0
Alexis Alejandro S\u00e1nchez S\u00e1nchez,Chile,1988-12-19,right,FW,169,Chile,62,0,0,0,0,0
Gn\u00e9gn\u00e9ri Yaya Tour\u00e9,C\u00f4te d'Ivoire,1983-05-13,right,MD,189,England,90,0,0,0,0,0
Phil Bardsley,England,1985-06-28,right,DF,180,Scotland,74,0,0,0,0,0
Daniel Sturridge,England,1989-09-01,left,FW,180,Jamaica,76,0,0,0,0,0
Tim Krul,Netherlands,1988-04-03,left,GK,188,Netherlands,84,0,0,0,0,0
Fraser Forster,England,1988-03-17,right,GK,201,England,93,0,0,0,0,0
Andy Carroll,England,1989-01-06,left,FW,193,England,79,0,0,0,0,0
Mark Noble,England,1987-05-08,right,MD,180,Ireland Republic,70,0,0,0,0,0
Eldin Jakupovic,Bosnia-Herzegovina,1984-10-02,right,GK,191,Switzerland,85,0,0,0,0,0
S\u00e9amus Coleman,Ireland Republic,1988-10-11,right,DF,177,Ireland Republic,77,0,0,0,0,0
Georginio Wijnaldum,Netherlands,1990-11-11,right,MD,175,Suriname,74,0,0,0,0,0
Christian Fuchs,Austria,1986-04-07,left,DF,187,Austria,89,0,0,0,0,0
Winston  Reid,New Zealand,1988-07-03,right,DF,190,Denmark,87,0,0,0,0,0
Anders Lindegaard,Denmark,1984-04-13,right,GK,193,Denmark,79,0,0,0,0,0
Jamie Murphy,Scotland,1989-08-28,right,MD,175,Scotland,64,0,0,0,0,0
Steven Defour,Belgium,1988-04-15,right,MD,175,Belgium,72,0,0,0,0,0
Moussa Sissoko,France,1989-08-16,right,MD,187,France,91,0,0,0,0,0
Ga\u00ebtan Bong Songo,Cameroon,1988-04-25,left,DF,187,France,74,0,0,0,0,0
Claudio Ariel Yacob,Argentina,1987-07-18,right,MD,181,Spain,73,0,0,0,0,0
Andrew Surman,South Africa,1986-08-20,left,MD,178,England,73,0,0,0,0,0
Nathan Dyer,England,1987-11-29,right,MD,167,Jamaica,62,0,0,0,0,0
Adam Lallana,England,1988-05-10,right,MD,172,England,73,0,0,0,0,0
Lee Grant,England,1983-01-27,right,GK,193,England,83,0,0,0,0,0
Dan Gosling,England,1990-02-02,right,MD,183,England,79,0,0,0,0,0
Jonathan  Walters,England,1983-09-20,right,FW,183,Ireland Republic,79,0,0,0,0,0
Glyn Oliver Myhill,United States,1982-11-09,right,GK,191,Wales,92,0,0,0,0,0
Damien Delaney,Ireland Republic,1981-07-20,left,DF,191,Ireland Republic,89,0,0,0,0,0
Dean Marney,England,1984-01-31,right,MD,183,England,72,0,0,0,0,0
Juli\u00e1n Speroni,Argentina,1979-05-18,right,GK,186,Italy,87,0,0,0,0,0
Ben Watson,England,1985-07-09,right,MD,178,England,69,0,0,0,0,0
Jay Rodriguez,England,1989-07-29,right,FW,185,Spain,80,0,0,0,0,0
Adam Legzdins,England,1986-11-28,right,GK,183,Latvia,78,0,0,0,0,0
Martin Cranie,England,1986-09-26,right,DF,183,Scotland,78,0,0,0,0,0
Jean-Eric Maxim Choupo-Moting,Germany,1989-03-23,both,FW,191,Cameroon,91,0,0,0,0,0
Ryan Shawcross,England,1987-10-04,right,DF,191,Wales,76,0,0,0,0,0
David Luiz Moreira Marinho,Brazil,1987-04-22,right,DF,189,Portugal,84,0,0,0,0,0
Eduardo dos Reis Carvalho,Portugal,1982-09-19,right,GK,187,Portugal,88,0,0,0,0,0
Erwin Mulder,Netherlands,1989-03-03,right,GK,193,Netherlands,88,0,0,0,0,0
Bruno Saltor Grau,Spain,1980-10-01,right,DF,181,Spain,75,0,0,0,0,0
Juan Manuel Mata Garc\u00eda,Spain,1988-04-28,left,MD,170,Spain,63,0,0,0,0,0
Scott Arfield,Scotland,1988-11-01,right,MD,178,Canada,70,0,0,0,0,0
Danny Simpson,England,1987-01-04,right,DF,176,Jamaica,80,0,0,0,0,0
Andr\u00e9 Ayew Pel\u00e9,France,1989-12-17,left,FW,176,Ghana,72,0,0,0,0,0
Jack Cork,England,1989-06-25,right,MD,185,England,69,0,0,0,0,0
Ryan Bertrand,England,1989-08-05,left,DF,179,England,85,0,0,0,0,0
Vicente Iborra De La Fuente,Spain,1988-01-16,right,MD,190,Spain,91,0,0,0,0,0
Kyle Naughton,England,1988-11-11,right,DF,180,Ireland Republic,73,0,0,0,0,0
James Tomkins,England,1989-03-29,right,DF,192,England,74,0,0,0,0,0
Jordon Mutch,England,1991-12-02,right,MD,188,England,81,0,0,0,0,0
Leroy Fer,Netherlands,1990-01-05,right,MD,188,Cura\u00e7ao,79,0,0,0,0,0
Scott Dann,England,1987-02-14,right,DF,195,England,78,0,0,0,0,0
Kieran  Gibbs,England,1989-09-26,left,DF,181,England,70,0,0,0,0,0
Chung-Yong Lee,Korea Republic,1988-07-02,right,MD,180,Korea Republic,69,0,0,0,0,0
Geoff Cameron,United States,1985-07-11,right,DF,191,United States,84,0,0,0,0,0
Asmir Begovi\u0107,Bosnia-Herzegovina,1987-06-20,right,GK,199,Canada,101,0,0,0,0,0
Morgan Schneiderlin,France,1989-11-08,right,MD,185,France,75,0,0,0,0,0
Markus Suttner,Austria,1987-04-16,left,DF,179,Austria,73,0,0,0,0,0
Ashley Barnes,England,1989-10-30,right,FW,186,England,76,0,0,0,0,0
Bakary Sako,France,1988-04-26,left,MD,184,Mali,90,0,0,0,0,0
Pierre-Emerick Aubameyang,France,1989-06-18,right,FW,187,Gabon,80,0,0,0,0,0
Laurent Koscielny,France,1985-09-10,right,DF,186,Poland,75,0,0,0,0,0
Etienne Capoue,France,1988-07-11,right,MD,190,Guadeloupe,87,0,0,0,0,0
Rajiv van La Parra,Netherlands,1991-06-04,right,MD,181,Suriname,72,0,0,0,0,0
Henrikh Mkhitaryan,Armenia,1989-01-21,right,MD,177,Armenia,75,0,0,0,0,0
J\u00e9r\u00e9my Pied,France,1989-02-23,right,DF,173,France,69,0,0,0,0,0
Allan-Romeo Nyom,France,1988-05-10,right,DF,189,Cameroon,80,0,0,0,0,0
Jason Puncheon,England,1986-06-26,left,MD,173,Jamaica,71,0,0,0,0,0
Hal Robson-Kanu,England,1989-05-21,left,FW,183,Wales,83,0,0,0,0,0
James McArthur,Scotland,1987-10-07,right,MD,178,Scotland,64,0,0,0,0,0
James McCarthy,Scotland,1990-11-12,right,MD,180,Ireland Republic,72,0,0,0,0,0
Wes Morgan,England,1984-01-21,right,DF,186,Jamaica,101,0,0,0,0,0
\u00c0ngel Rangel Zaragoza,Spain,1982-10-28,right,DF,180,Spain,82,0,0,0,0,0
Niki M\u00e4enp\u00e4\u00e4,Finland,1985-01-23,right,GK,190,Finland,85,0,0,0,0,0
Ben Hamer,England,1987-11-20,right,GK,193,England,78,0,0,0,0,0
Marc Pugh,England,1987-04-02,right,MD,180,England,72,0,0,0,0,0
Matt Phillips,England,1991-03-13,right,MD,185,Scotland,75,0,0,0,0,0
Glenn Murray,England,1983-09-25,right,FW,185,England,84,0,0,0,0,0
Jake Livermore,England,1989-11-14,right,MD,181,England,76,0,0,0,0,0
Sam Baldock,England,1989-03-15,right,FW,170,England,67,0,0,0,0,0
Dale Stephens,England,1989-12-12,right,MD,185,England,71,0,0,0,0,0
Simon Francis,England,1985-02-16,right,DF,191,England,90,0,0,0,0,0
Aaron Cresswell,England,1989-12-15,left,DF,170,England,66,0,0,0,0,0
Troy Deeney,England,1988-06-29,right,FW,183,Jamaica,90,0,0,0,0,0
Jonjo Shelvey,England,1992-02-27,right,MD,184,England,83,0,0,0,0,0
Christian Benteke Liolo,Congo DR,1990-12-03,right,FW,190,Belgium,83,0,0,0,0,0
Victor Wanyama,Kenya,1991-06-25,right,MD,184,Kenya,87,0,0,0,0,0
Matty James,England,1991-07-22,right,MD,181,England,86,0,0,0,0,0
Chris L\u00f6we,Germany,1989-04-16,left,DF,173,Germany,63,0,0,0,0,0
Daniel Williams,Germany,1989-03-08,right,MD,182,United States,76,0,0,0,0,0
Tomer Hemed,Israel,1987-05-02,right,FW,186,Poland,80,0,0,0,0,0
Rhu-endly Martina,Netherlands,1989-09-25,right,DF,185,Cura\u00e7ao,77,0,0,0,0,0
Mohamed Diam\u00e9,France,1987-06-14,right,MD,185,Senegal,80,0,0,0,0,0
Jos\u00e9 Salom\u00f3n Rond\u00f3n Gim\u00e9nez,Venezuela,1989-09-16,right,FW,186,Venezuela,85,0,0,0,0,0
Jos\u00e9 Leonardo Ulloa,Argentina,1986-07-26,right,FW,185,Argentina,89,0,0,0,0,0
Francisco Femen\u00eda Far,Spain,1991-02-02,right,DF,174,Spain,61,0,0,0,0,0
Daryl Janmaat,Netherlands,1989-07-22,right,DF,185,Netherlands,80,0,0,0,0,0
Wilfried Guemiand Bony,C\u00f4te d'Ivoire,1988-12-10,right,FW,182,C\u00f4te d'Ivoire,90,0,0,0,0,0
Adri\u00e1n San Miguel del Castillo,Spain,1987-01-03,right,GK,190,Spain,80,0,0,0,0,0
Charlie Daniels,England,1986-09-07,left,DF,178,England,75,0,0,0,0,0
Beram Kayal,Israel,1988-05-02,right,MD,178,Israel,74,0,0,0,0,0
Jack Wilshere,England,1992-01-01,left,MD,172,England,68,0,0,0,0,0
Martin Kelly,England,1990-04-27,right,DF,191,England,77,0,0,0,0,0
Pedro Eliezer Rodr\u00edguez Ledesma,Spain,1987-07-28,right,FW,167,Spain,62,0,0,0,0,0
Federico Fern\u00e1ndez,Argentina,1989-02-21,right,DF,190,Italy,83,0,0,0,0,0
Matt Ritchie,England,1989-09-10,left,MD,173,Scotland,71,0,0,0,0,0
Joel Ward,England,1989-10-29,right,DF,188,England,83,0,0,0,0,0
Nathaniel Clyne,England,1991-04-05,right,DF,175,Grenada,67,0,0,0,0,0
Luciano Narsingh,Netherlands,1990-09-13,right,MD,175,Suriname,75,0,0,0,0,0
Ashley Westwood,England,1990-04-01,right,MD,170,England,67,0,0,0,0,0
Eliaquim Mangala,France,1991-02-13,left,DF,188,Belgium,84,0,0,0,0,0
Marvin  Zeegelaar,Netherlands,1990-08-12,left,DF,186,Suriname,81,0,0,0,0,0
Junior Stanislas,England,1989-11-26,right,MD,183,St. Lucia,76,0,0,0,0,0
Daley Blind,Netherlands,1990-03-09,left,DF,180,Netherlands,72,0,0,0,0,0
Faustino Marcos Alberto Rojo,Argentina,1990-03-20,left,DF,187,Argentina,80,0,0,0,0,0
Tom Cleverley,England,1989-08-12,right,MD,175,England,67,0,0,0,0,0
Yannick Bolasie Yala,France,1989-05-24,right,MD,185,England,84,0,0,0,0,0
Ander Herrera Ag\u00fcera,Spain,1989-08-14,right,MD,182,Spain,73,0,0,0,0,0
Michail Antonio,England,1990-03-28,right,FW,180,Jamaica,82,0,0,0,0,0
Marc Albrighton,England,1989-11-18,right,MD,175,England,74,0,0,0,0,0
Andros Townsend,England,1991-07-16,left,MD,181,England,77,0,0,0,0,0
Chris Wood,New Zealand,1991-12-07,right,FW,191,New Zealand,95,0,0,0,0,0
Scott Malone,England,1991-03-25,left,DF,189,England,75,0,0,0,0,0
Pascal Gro\u00df,Germany,1991-06-15,right,MD,181,Germany,78,0,0,0,0,0
Jos\u00e9 Luis Sanmart\u00edn Mato,Germany,1990-03-27,right,FW,192,Spain,80,0,0,0,0,0
Chris Smalling,England,1989-11-22,right,DF,193,England,81,0,0,0,0,0
Erik Lamela,Argentina,1992-03-04,left,MD,181,Argentina,80,0,0,0,0,0
Andre Gray,England,1991-06-26,right,FW,180,Jamaica,78,0,0,0,0,0
Matthew Lowton,England,1989-06-09,right,DF,180,England,78,0,0,0,0,0
Davy Pr\u00f6pper,Netherlands,1991-09-02,right,MD,185,Netherlands,72,0,0,0,0,0
Alexandre Lacazette,France,1991-05-28,right,FW,175,Guadeloupe,73,0,0,0,0,0
Patrick  van Aanholt,Netherlands,1990-08-29,left,DF,175,Cura\u00e7ao,67,0,0,0,0,0
Adam Smith,England,1991-04-29,right,DF,180,England,78,0,0,0,0,0
Craig Dawson,England,1990-05-06,right,DF,189,England,85,0,0,0,0,0
Callum Wilson,England,1992-02-27,right,FW,180,Ireland Republic,66,0,0,0,0,0
Jonathan Hogg,England,1988-12-06,right,MD,177,England,73,0,0,0,0,0
Islam Slimani,Algeria,1988-06-18,right,FW,188,Algeria,83,0,0,0,0,0
Danny Drinkwater,England,1990-03-05,right,MD,177,England,70,0,0,0,0,0
Laurent Depoitre,Belgium,1988-12-07,right,FW,191,Belgium,90,0,0,0,0,0
Joshua King,Norway,1992-01-15,right,FW,180,Gambia,74,0,0,0,0,0
Sam Clucas,England,1990-09-25,left,MD,178,England,75,0,0,0,0,0
Grzegorz Krychowiak,Poland,1990-01-29,right,MD,187,Poland,84,0,0,0,0,0
Jordan Ayew,France,1991-09-11,right,FW,182,Ghana,81,0,0,0,0,0
Joel Robles Bl\u00e1zquez,Spain,1990-06-17,right,GK,195,Spain,90,0,0,0,0,0
Pape  N'Diaye Souar\u00e9,Senegal,1990-06-06,left,DF,178,Senegal,68,0,0,0,0,0
Luke Garbutt,England,1993-05-21,left,DF,178,England,73,0,0,0,0,0
Shkodran Mustafi,Germany,1992-04-17,right,DF,184,Albania,82,0,0,0,0,0
Oriol Romeu Vidal,Spain,1991-09-24,right,MD,183,Spain,83,0,0,0,0,0
Ben Mee,England,1989-09-21,left,DF,180,England,74,0,0,0,0,0
Charlie Austin,England,1989-07-05,right,FW,188,England,84,0,0,0,0,0
Jo\u00ebl Andre Job Matip,Germany,1991-08-08,right,DF,195,Cameroon,90,0,0,0,0,0
Bruno Martins Indi,Portugal,1992-02-08,left,DF,185,Netherlands,80,0,0,0,0,0
Christopher Schindler,Germany,1990-04-29,right,DF,189,Germany,82,0,0,0,0,0
Kyle Bartley,England,1991-05-22,right,DF,194,Jamaica,94,0,0,0,0,0
Florian Lejeune,France,1991-05-20,right,DF,190,France,81,0,0,0,0,0
Karl Darlow,England,1990-10-08,right,GK,185,Wales,79,0,0,0,0,0
Jos\u00e9 Heriberto Izquierdo Mena,Colombia,1992-07-07,right,FW,171,Colombia,75,0,0,0,0,0
Alex Oxlade-Chamberlain,England,1993-08-15,right,MD,175,Jamaica,70,0,0,0,0,0
Wilfried Zaha,C\u00f4te d'Ivoire,1992-11-10,right,MD,180,England,66,0,0,0,0,0
Elias Kachunga,Germany,1992-04-22,right,FW,178,Congo DR,74,0,0,0,0,0
Ji\u0159\u00ed Skal\u00e1k,Czech Republic,1992-03-12,right,MD,177,Czech Republic,76,0,0,0,0,0
Collin Quaner,Germany,1991-06-18,right,FW,191,Ghana,79,0,0,0,0,0
Fredrik Ulvestad,Norway,1992-05-19,right,MD,183,Norway,83,0,0,0,0,0
Robbie Brady,Ireland Republic,1992-01-14,left,MD,175,Ireland Republic,71,0,0,0,0,0
Tom Ince,England,1992-01-30,left,MD,178,England,66,0,0,0,0,0
Jakob Haugaard,Denmark,1992-05-01,left,GK,199,Denmark,87,0,0,0,0,0
Anthony Knockaert,France,1991-11-20,left,MD,172,Belgium,69,0,0,0,0,0
Danny Ings,England,1992-07-23,right,FW,178,England,73,0,0,0,0,0
Steve Cook,England,1991-04-19,right,DF,185,England,82,0,0,0,0,0
Manuel Lanzini,Argentina,1993-02-15,right,MD,167,Italy,59,0,0,0,0,0
Muhamed Be\u0161i\u0107,Germany,1992-09-10,right,MD,177,Bosnia-Herzegovina,78,0,0,0,0,0
Michael Hefele,Germany,1990-09-01,right,DF,192,Germany,91,0,0,0,0,0
Nathan Redmond,England,1994-03-06,right,MD,173,Ireland Republic,75,0,0,0,0,0
Saido Berahino,Burundi,1993-08-04,right,FW,180,England,83,0,0,0,0,0
Connor Goldson,England,1992-12-18,right,DF,191,England,85,0,0,0,0,0
Jack Stephens,England,1994-01-27,right,DF,185,England,84,0,0,0,0,0
Serge Aurier,C\u00f4te d'Ivoire,1992-12-24,right,DF,176,France,76,0,0,0,0,0
Riyad Mahrez,France,1991-02-21,left,MD,179,Algeria,62,0,0,0,0,0
Benik Afobe,England,1993-02-12,right,FW,183,Congo DR,78,0,0,0,0,0
Davy Klaassen,Netherlands,1993-02-21,right,MD,179,Netherlands,70,0,0,0,0,0
J\u00fcrgen Locadia,Netherlands,1993-11-07,right,FW,185,Cura\u00e7ao,78,0,0,0,0,0
Konstantinos Stafylidis,Greece,1993-12-02,left,DF,178,Greece,77,0,0,0,0,0
Ryan Fraser,Scotland,1994-02-24,right,MD,163,Scotland,62,0,0,0,0,0
Massadio Ha\u00efdara,France,1992-12-02,left,DF,179,Senegal,76,0,0,0,0,0
Jes\u00e9 Rodr\u00edguez Ruiz,Spain,1993-02-26,right,FW,178,Spain,73,0,0,0,0,0
Terence Kongolo,Netherlands,1994-02-14,left,DF,188,Congo DR,70,0,0,0,0,0
Abdoulaye Doucour\u00e9,France,1993-01-01,right,MD,183,Mali,75,0,0,0,0,0
Jon Flanagan,England,1993-01-01,right,DF,181,Ireland Republic,69,0,0,0,0,0
Nahki Wells,Bermuda,1990-06-01,right,FW,174,Bermuda,75,0,0,0,0,0
James  Tarkowski,England,1992-11-19,right,DF,191,Poland,81,0,0,0,0,0
Tom Carroll,England,1992-05-28,left,MD,178,England,66,0,0,0,0,0
Tiemou\u00e9 Bakayoko,France,1994-08-17,right,MD,184,C\u00f4te d'Ivoire,72,0,0,0,0,0
Freddie Ladapo,England,1993-02-01,right,FW,187,Nigeria,79,0,0,0,0,0
Jeffrey  Schlupp,Germany,1992-12-23,left,DF,178,Ghana,72,0,0,0,0,0
Aymeric  Laporte,France,1994-05-27,left,DF,191,Spain,86,0,0,0,0,0
Nathan Ak\u00e9,Netherlands,1995-02-18,left,DF,180,C\u00f4te d'Ivoire,75,0,0,0,0,0
Brad Smith,Australia,1994-04-09,left,DF,177,England,70,0,0,0,0,0
Jay Fulton,England,1994-04-04,right,MD,178,Scotland,68,0,0,0,0,0
Virgil van Dijk,Netherlands,1991-07-08,right,DF,193,Netherlands,92,0,0,0,0,0
Mike van der Hoorn,Netherlands,1992-10-15,right,DF,190,Netherlands,81,0,0,0,0,0
Christian  Atsu Twasam,Ghana,1992-01-10,left,MD,172,Ghana,68,0,0,0,0,0
Jamal Lascelles,England,1993-11-11,right,DF,189,England,83,0,0,0,0,0
Guido Marcelo Carrillo,Argentina,1991-05-25,right,FW,191,Italy,87,0,0,0,0,0
Alberto Moreno P\u00e9rez,Spain,1992-07-05,left,DF,171,Spain,65,0,0,0,0,0
Chancel Mbemba Mangulu,Congo DR,1994-08-08,right,DF,182,Congo DR,82,0,0,0,0,0
Charly Junior Musonda,Belgium,1996-10-15,right,MD,173,Zambia,66,0,0,0,0,0
Paulo Dino Gazzaniga,Argentina,1992-01-02,right,GK,185,Argentina,78,0,0,0,0,0
Jordon  Ibe,England,1995-12-08,right,MD,176,Nigeria,81,0,0,0,0,0
James  Ward-Prowse,England,1994-11-01,right,MD,173,England,66,0,0,0,0,0
Charlie Taylor,England,1993-09-18,left,DF,185,England,72,0,0,0,0,0
Dwight Gayle,England,1990-10-17,right,FW,177,Jamaica,73,0,0,0,0,0
Arthur Masuaku,France,1993-11-07,left,DF,179,Congo DR,70,0,0,0,0,0
Loris Karius,Germany,1993-06-22,right,GK,190,Germany,87,0,0,0,0,0
Alex  Pritchard,England,1993-05-03,right,MD,171,England,62,0,0,0,0,0
Michael Keane,England,1993-01-11,right,DF,188,England,82,0,0,0,0,0
Luke Shaw,England,1995-07-12,left,DF,185,England,75,0,0,0,0,0
Sead Kola\u0161inac,Germany,1993-06-20,left,DF,183,Bosnia-Herzegovina,85,0,0,0,0,0
Isaac Hayden,England,1995-03-22,right,MD,187,Jamaica,79,0,0,0,0,0
Anthony Martial,France,1995-12-05,right,FW,184,Guadeloupe,76,0,0,0,0,0
Will Hughes,England,1995-04-17,left,MD,185,England,74,0,0,0,0,0
Tom Smith,England,1992-04-14,right,DF,186,England,84,0,0,0,0,0
Alexander S\u00f8rloth,Norway,1995-12-05,right,FW,194,Norway,90,0,0,0,0,0
Javier Manquillo Gait\u00e1n,Spain,1994-05-05,right,DF,180,Spain,72,0,0,0,0,0
El-Hadji Baye Oumar Niasse,Senegal,1990-04-18,right,FW,182,Senegal,82,0,0,0,0,0
Matt Macey,England,1994-09-09,right,GK,198,England,81,0,0,0,0,0
Calum Chambers,England,1995-01-20,right,DF,182,England,66,0,0,0,0,0
H\u00e9ctor Beller\u00edn Moruno,Spain,1995-03-19,right,DF,178,Spain,74,0,0,0,0,0
Steve Mouni\u00e9,Benin,1994-09-29,right,FW,190,France,83,0,0,0,0,0
Sofiane Boufal,France,1993-09-17,right,MD,170,Morocco,60,0,0,0,0,0
Daniel Amartey,Ghana,1994-12-21,right,MD,186,Ghana,79,0,0,0,0,0
Andrew Robertson,Scotland,1994-03-11,left,DF,178,Scotland,63,0,0,0,0,0
Sam Byram,England,1993-09-16,right,DF,180,England,72,0,0,0,0,0
Ayoze P\u00e9rez Guti\u00e9rrez,Spain,1993-07-29,right,FW,179,Spain,66,0,0,0,0,0
Jeremie Boga,France,1997-01-03,right,FW,174,C\u00f4te d'Ivoire,72,0,0,0,0,0
Jon Gorenc-Stankovi\u010d,Slovenia,1996-01-14,right,DF,190,Slovenia,78,0,0,0,0,0
Jerome Sinclair,England,1996-09-20,right,FW,181,Jamaica,75,0,0,0,0,0
Joel Pereira Castro,Switzerland,1996-06-28,right,GK,188,Portugal,81,0,0,0,0,0
Tyrone Mings,England,1993-03-19,left,DF,196,Barbados,77,0,0,0,0,0
Freddie Woodman,England,1997-03-04,right,GK,187,England,77,0,0,0,0,0
Ja\u00efro Riedewald,Netherlands,1996-09-09,left,DF,182,Suriname,79,0,0,0,0,0
Lys Mousset,France,1996-02-08,right,FW,184,Senegal,80,0,0,0,0,0
Alfie Mawson,England,1994-01-19,right,DF,188,England,81,0,0,0,0,0
Solly March,England,1994-07-20,left,MD,180,England,72,0,0,0,0,0
DeAndre Yedlin,United States,1993-07-09,right,DF,173,Latvia,68,0,0,0,0,0
Isaiah Brown,England,1997-01-07,right,FW,182,Jamaica,70,0,0,0,0,0
Robert Kenedy Nunes do Nascimento,Brazil,1996-02-08,left,MD,182,Brazil,77,0,0,0,0,0
Eric Bertrand  Bailly,C\u00f4te d'Ivoire,1994-04-12,right,DF,187,C\u00f4te d'Ivoire,77,0,0,0,0,0
Emerson Hyndman,United States,1996-04-09,right,MD,170,Portugal,61,0,0,0,0,0
Erdal Rakip,Sweden,1996-02-13,right,MD,179,Macedonia FYR,73,0,0,0,0,0
Georges-Kevin N'Koudou Mbida,France,1995-02-13,right,FW,175,Cameroon,73,0,0,0,0,0
Joel Coleman,England,1995-09-26,right,GK,190,England,82,0,0,0,0,0
Joe Lolley,England,1992-08-25,left,MD,178,England,72,0,0,0,0,0
Connor Mahoney,England,1997-02-12,left,MD,175,England,67,0,0,0,0,0
Fousseni Diabat\u00e9,France,1995-10-18,left,FW,175,Mali,60,0,0,0,0,0
Kasey Palmer,England,1996-11-09,right,MD,175,England,68,0,0,0,0,0
Ainsley Maitland-Niles,England,1997-08-29,right,MD,177,England,71,0,0,0,0,0
Jordan Hugill,England,1992-06-04,right,FW,183,England,75,0,0,0,0,0
Matt Targett,Scotland,1995-09-18,left,DF,183,England,70,0,0,0,0,0
Demarai Gray,England,1996-06-28,right,MD,180,England,74,0,0,0,0,0
Oluwatosin Adarabioyo,England,1997-09-24,right,DF,196,Nigeria,80,0,0,0,0,0
Nikola Vla\u0161i\u0107,Croatia,1997-10-04,right,MD,178,Croatia,80,0,0,0,0,0
Jonjoe Kenny,England,1997-03-15,right,DF,176,England,74,0,0,0,0,0
Dominic Solanke,England,1997-09-14,right,FW,185,Nigeria,80,0,0,0,0,0
Oliver McBurnie,Scotland,1996-06-04,right,FW,188,Scotland,74,0,0,0,0,0
Antonio Mart\u00ednez L\u00f3pez,Spain,1997-06-30,right,FW,187,Spain,70,0,0,0,0,0
Fikayo Tomori,Canada,1997-12-19,right,DF,185,England,75,0,0,0,0,0
Kyle Scott,England,1997-12-22,right,MD,172,United States,68,0,0,0,0,0
Dodi Lukebakio,Congo DR,1997-09-24,left,MD,187,Belgium,77,0,0,0,0,0
Dominic Calvert-Lewin,England,1997-03-16,right,FW,176,England,74,0,0,0,0,0
Jacob Murphy,England,1995-02-24,right,MD,173,England,67,0,0,0,0,0
Reece Burke,England,1996-09-02,right,DF,189,England,81,0,0,0,0,0
Sullay Kaikai,England,1995-08-26,right,MD,178,Sierra Leone,70,0,0,0,0,0
Sam McQueen,England,1995-02-06,left,MD,181,England,70,0,0,0,0,0
Lewis Cook,England,1997-02-03,right,MD,175,England,71,0,0,0,0,0
Joshua Sims,England,1997-03-28,left,MD,168,England,67,0,0,0,0,0
Philip Billing,Denmark,1996-06-11,left,MD,197,Nigeria,83,0,0,0,0,0
Jaros\u0142aw Jach,Poland,1994-02-17,left,DF,190,Poland,81,0,0,0,0,0
Mikel Merino Zaz\u00f3n,Spain,1996-06-22,left,MD,187,Spain,79,0,0,0,0,0
Tammy Abraham,England,1997-10-02,right,FW,190,Nigeria,82,0,0,0,0,0
Oliver Burke,Scotland,1997-04-07,right,MD,188,Scotland,74,0,0,0,0,0
Eddie Nketiah,England,1999-05-30,right,FW,178,Ghana,70,0,0,0,0,0
Joe Willock,England,1999-08-20,right,MD,179,Montserrat,0,0,0,0,0,0
Dujon Sterling,England,1999-10-24,right,DF,180,Jamaica,78,0,0,0,0,0
Trevoh Chalobah,Sierra Leone,1999-07-05,right,DF,190,England,77,0,0,0,0,0
Tom Davies,England,1998-06-30,right,MD,180,England,78,0,0,0,0,0
Lukas Nmecha,England,1998-12-14,right,FW,183,England,80,0,0,0,0,0
Layton Ndukwu,England,1998-09-07,left,FW,0,Nigeria,0,0,0,0,0,0
Dion Henry,England,1997-09-12,right,GK,191,England,76,0,0,0,0,0
Mason Holgate,England,1996-10-22,right,DF,184,Jamaica,63,0,0,0,0,0
Sead Hak\u0161abanovi\u0107,Sweden,1999-05-04,right,MD,174,Montenegro,69,0,0,0,0,0
Cameron Carter-Vickers,England,1997-12-31,right,DF,183,United States,92,0,0,0,0,0
Matt Butcher,England,1997-05-14,left,MD,188,England,83,0,0,0,0,0
Josh Cullen,England,1996-04-07,right,MD,175,Ireland Republic,70,0,0,0,0,0
Harry Souttar,Scotland,1998-10-22,right,DF,198,Scotland,80,0,0,0,0,0
Kazaiah Sterling,England,1998-11-09,right,FW,175,Jamaica,71,0,0,0,0,0
Rob Holding,England,1995-09-20,right,DF,189,England,75,0,0,0,0,0
Alex Palmer,England,1996-08-10,right,GK,191,England,72,0,0,0,0,0
Marcus Browne,England,1997-12-18,right,MD,179,England,74,0,0,0,0,0
Grady Diangana,England,1998-04-19,left,MD,181,Congo DR,73,0,0,0,0,0
Moses Makasi,England,1995-09-22,,MD,0,England,0,0,0,0,0,0
Declan Rice,England,1999-01-14,right,DF,185,Ireland Republic,80,0,0,0,0,0
Jordi Osei-Tutu,England,1998-10-02,right,DF,0,Ghana,0,0,0,0,0,0
Sam Hughes,England,1997-04-15,,MD,0,England,0,0,0,0,0,0
Axel Tuanzebe,Congo DR,1997-11-14,right,DF,185,England,72,0,0,0,0,0
Timothy Fosu-Mensah,Netherlands,1998-01-02,right,DF,190,Netherlands,79,0,0,0,0,0
Scott McTominay,England,1996-12-08,right,MD,193,England,88,0,0,0,0,0
Reiss Nelson,England,1999-12-10,right,MD,176,Zimbabwe,71,0,0,0,0,0
Domingos Quina,Guinea-Bissau,1999-11-18,right,MD,173,Portugal,65,0,0,0,0,0
Lasse S\u00f8rensen,Denmark,1999-10-21,right,MD,185,Denmark,75,0,0,0,0,0
Jayson Molumby,Ireland Republic,1999-08-06,right,MD,177,Ireland Republic,64,0,0,0,0,0
Jonathan Leko,Congo DR,1999-04-24,right,FW,183,England,75,0,0,0,0,0
Jordan Williams,England,1999-10-22,right,DF,179,England,73,0,0,0,0,0
Tyrese Campbell,England,1999-12-28,left,FW,183,England,75,0,0,0,0,0
Keshi Anderson,England,1995-04-06,right,FW,175,England,68,0,0,0,0,0
Alfie Whiteman,England,1998-10-02,right,GK,186,England,76,0,0,0,0,0
Kyle Walker-Peters,England,1997-04-13,right,DF,174,England,64,0,0,0,0,0
Brahim Abdelkader Diaz,Spain,1999-08-03,right,MD,170,Morocco,68,0,0,0,0,0
Jack Simpson,England,1997-01-08,right,DF,178,England,83,0,0,0,0,0
Josh Tymon,England,1999-05-22,left,DF,178,England,74,0,0,0,0,0
Hamza Choudhury,England,1997-10-01,right,MD,178,Bangladesh,64,0,0,0,0,0
Ethan Ampadu,England,2000-09-14,right,DF,182,Wales,78,0,0,0,0,0
Aaron Ramsdale,England,1998-05-14,right,GK,188,England,77,0,0,0,0,0
Sam Field,England,1998-05-08,left,MD,185,England,73,0,0,0,0,0
Abdelhamid Sabiri,Morocco,1996-11-28,right,MD,183,Germany,80,0,0,0,0,0
Kane Wilson,England,2000-03-11,right,DF,178,England,71,0,0,0,0,0
Aiden O'Neill,Australia,1998-07-04,right,MD,178,Northern Ireland,70,0,0,0,0,0
Phil Foden,England,2000-05-28,left,MD,175,England,68,0,0,0,0,0
Nathan Ferguson,England,2000-10-06,right,DF,181,England,70,0,0,0,0,0
Max Melbourne,England,1998-10-24,,DF,0,England,0,0,0,0,0,0
Rekeem Harper,England,2000-03-08,right,MD,188,England,64,0,0,0,0,0
Rayhaan Rahim Amari Tulloch,England,2001-01-20,right,FW,0,England,0,0,0,0,0,0
Beni Baningime,Congo DR,1998-09-09,right,MD,178,England,70,0,0,0,0,0
Michael Obafemi,Ireland Republic,2000-07-06,right,FW,169,Nigeria,71,0,0,0,0,0
Nathan Trott,Bermuda,1998-11-21,,GK,0,England,0,0,0,0,0,0
Joy Mukena,England,1999-07-03,,DF,0,England,0,0,0,0,0,0
Thomas Edwards,England,1999-01-22,right,DF,175,England,76,0,0,0,0,0
Ben Johnson,England,2000-01-24,right,DF,175,England,67,0,0,0,0,0
Tashan Oakley-Boothe,England,2000-02-14,right,MD,182,Jamaica,76,0,0,0,0,0
Julien Ngoy,Belgium,1997-11-02,right,FW,185,Belgium,70,0,0,0,0,0
Callum Hudson-Odoi,England,2000-11-07,right,MD,182,Ghana,79,0,0,0,0,0
Juan Marcos Foyth,Argentina,1998-01-12,right,DF,182,Spain,69,0,0,0,0,0
Aaron Wan-Bissaka,England,1997-11-26,right,DF,183,Congo DR,72,0,0,0,0,0
Carl Stewart,England,1997-05-02,,MD,174,England,68,0,0,0,0,0
Michael Folivi,England,1998-02-25,right,FW,180,Ghana,79,0,0,0,0,0
Kyle Jameson,England,1998-09-11,left,DF,186,England,73,0,0,0,0,0
Nya Kirby,England,2000-01-31,right,MD,173,England,66,0,0,0,0,0
Jason Eyenga-Lokilo,Belgium,1998-09-17,left,FW,175,Congo DR,65,0,0,0,0,0
Levi Lumeka,England,1998-09-05,right,FW,170,Congo DR,71,0,0,0,0,0
Dwight McNeil,England,1999-11-22,,MD,0,England,0,0,0,0,0,0
Conor Masterson,Ireland Republic,1998-09-08,right,DF,189,Ireland Republic,75,0,0,0,0,0
